{"cameraMode":{"drawMode":0,"name":"Shaded","section":"Shading Mode"},"sceneLighting":false,"audioPlay":false,"sceneViewState":{"showFog":true,"showMaterialUpdate":false,"showSkybox":false,"showFlares":true,"showImageEffects":true,"showParticleSystems":true,"showVisualEffectGraphs":true,"m_FxEnabled":true},"in2DMode":false,"pivot":{"x":0.45087745785713198,"y":-6.314722537994385,"z":10.803482055664063},"rotation":{"x":0.3182544708251953,"y":-0.002078032586723566,"z":0.002037700265645981,"w":0.9476463198661804},"size":8.002984046936036,"orthographic":false}