{"cameraMode":{"drawMode":0,"name":"Shaded","section":"Shading Mode"},"sceneLighting":true,"audioPlay":false,"sceneViewState":{"m_AlwaysRefresh":false,"showFog":true,"showSkybox":false,"showFlares":true,"showImageEffects":true,"showParticleSystems":true,"showVisualEffectGraphs":true,"m_FxEnabled":true},"in2DMode":false,"pivot":{"x":-1.6319600343704224,"y":-2.2231385707855226,"z":-24.57046890258789},"rotation":{"x":0.017489245161414148,"y":0.9824016690254211,"z":-0.12294258177280426,"w":0.1397375464439392},"size":14.61815071105957,"orthographic":false}