{"cameraMode":{"drawMode":0,"name":"Shaded","section":"Shading Mode"},"sceneLighting":false,"audioPlay":false,"sceneViewState":{"showFog":true,"showMaterialUpdate":false,"showSkybox":false,"showFlares":true,"showImageEffects":true,"showParticleSystems":true,"showVisualEffectGraphs":true,"m_FxEnabled":true},"in2DMode":false,"pivot":{"x":-0.047009944915771487,"y":2.2817487716674806,"z":-0.2633136808872223},"rotation":{"x":0.1497742086648941,"y":0.6391427516937256,"z":-0.12753164768218995,"w":0.7435051202774048},"size":4.0564680099487309,"orthographic":false}